INSERT INTO `destination_type` (`id`, `destination_type`) VALUES
(1, 'Amenity Area'),
(2, 'Appellation'),
(3, 'Area'),
(4, 'Bank'),
(5, 'Basin'),
(6, 'Bay'),
(7, 'Beach'),
(8, 'Bend'),
(9, 'Bridge'),
(10, 'Building'),
(11, 'Bush'),
(12, 'Canal'),
(13, 'Canyon'),
(14, 'Cape'),
(15, 'Cave'),
(16, 'Channel'),
(17, 'Chasm'),
(18, 'City'),
(19, 'Clearing'),
(20, 'Cliff'),
(21, 'Coast Feature'),
(22, 'Conservation Park'),
(23, 'Crater'),
(24, 'Crown Protected Area'),
(25, 'Desert'),
(26, 'District'),
(27, 'Ecological Area'),
(28, 'Estuary'),
(29, 'Facility'),
(30, 'Fan'),
(31, 'Flat'),
(32, 'Ford'),
(33, 'Forest'),
(34, 'Fork'),
(35, 'Gap'),
(36, 'Glacier'),
(37, 'Government Purpose Reserve'),
(38, 'Hill'),
(39, 'Historic Reserve'),
(40, 'Historic Site'),
(41, 'Hole'),
(42, 'Ice Feature'),
(43, 'Island'),
(44, 'Isthmus'),
(45, 'Knoll'),
(46, 'Lake'),
(47, 'Ledge'),
(48, 'Local Government'),
(49, 'Locality'),
(50, 'Marine Feature'),
(51, 'Marine Reserve'),
(52, 'National Park'),
(53, 'Nature Reserve'),
(54, 'Pass'),
(55, 'Peninsula'),
(56, 'Pinnacle'),
(57, 'Place'),
(58, 'Plateau'),
(59, 'Point'),
(60, 'Pool'),
(61, 'Port'),
(62, 'Railway Crossing'),
(63, 'Railway Junction'),
(64, 'Railway Line'),
(65, 'Railway Station'),
(66, 'Range'),
(67, 'Rapid'),
(68, 'Recreation'),
(69, 'Recreation Reserve'),
(70, 'Reef'),
(71, 'Reserve (non-CPA)'),
(72, 'Ridge'),
(73, 'Road'),
(74, 'Roadstead'),
(75, 'Rock'),
(76, 'Saddle'),
(77, 'Sanctuary Area'),
(78, 'Scarp'),
(79, 'Scenic Reserve'),
(80, 'Scientific Reserve'),
(81, 'Seachannel'),
(82, 'Shelf'),
(83, 'Shoal'),
(84, 'Sill'),
(85, 'Site'),
(86, 'Spit'),
(87, 'Spring'),
(88, 'Spur'),
(89, 'Stream'),
(90, 'Suburb'),
(91, 'Town'),
(92, 'Track'),
(93, 'Trig Station'),
(94, 'Trough'),
(95, 'Valley'),
(96, 'Village'),
(97, 'Waterfall'),
(98, 'Wetland'),
(99, 'Wilderness Area'),
(100, 'Wildlife Management Area');

INSERT INTO `nationality` (`id`, `nationality`, `country`) VALUES
(1, 'Afghan', 'Afghanistan'),
(2, 'Albanian', 'Albania'),
(3, 'Algerian', 'Algeria'),
(4, 'Argentinian', 'Argentina'),
(5, 'Australian', 'Australia'),
(6, 'Austrian', 'Austria'),
(7, 'Belgian', 'Belgium'),
(8, 'Bolivian', 'Bolivia'),
(9, 'Batswana', 'Botswana'),
(10, 'Brazilian', 'Brazil'),
(11, 'Bulgarian', 'Bulgaria'),
(12, 'Cambodian', 'Cambodia'),
(13, 'Cameroonian', 'Cameroon'),
(14, 'Canadian', 'Canada'),
(15, 'Chilean', 'Chile'),
(16, 'Chinese', 'China'),
(17, 'Costa Rican', 'Costa Rica'),
(18, 'Croatian', 'Croatia'),
(19, 'Cuban', 'Cuba'),
(20, 'Czech', 'Czech Republic'),
(21, 'Danish', 'Denmark'),
(22, 'Dominican', 'Dominican Republic'),
(23, 'Ecuadorian', 'Ecuador'),
(24, 'Egyptian', 'Egypt'),
(25, 'Salvadorian', 'El Salvador'),
(26, 'English', 'England'),
(27, 'Estonian', 'Estonia'),
(28, 'Ethiopian', 'Ethiopia'),
(29, 'Fijian', 'Fiji'),
(30, 'Finnish', 'Finland'),
(31, 'French', 'France'),
(32, 'German', 'Germany'),
(33, 'Ghanaian', 'Ghana'),
(34, 'Greek', 'Greece'),
(35, 'Guatemalan', 'Guatemala'),
(36, 'Haitian', 'Haiti'),
(37, 'Honduran', 'Honduras'),
(38, 'Hungarian', 'Hungary'),
(39, 'Icelandic', 'Iceland'),
(40, 'Indian', 'India'),
(41, 'Indonesian', 'Indonesia'),
(42, 'Iranian', 'Iran'),
(43, 'Iraqi', 'Iraq'),
(44, 'Irish', 'Ireland'),
(45, 'Israeli', 'Israel'),
(46, 'Italian', 'Italy'),
(47, 'Jamaican', 'Jamaica'),
(48, 'Japanese', 'Japan'),
(49, 'Jordanian', 'Jordan'),
(50, 'Kenyan', 'Kenya'),
(51, 'Kuwaiti', 'Kuwait'),
(52, 'Lao', 'Laos'),
(53, 'Latvian', 'Latvia'),
(54, 'Lebanese', 'Lebanon'),
(55, 'Libyan', 'Libya'),
(56, 'Lithuanian', 'Lithuania'),
(57, 'Malaysian', 'Malaysia'),
(58, 'Malian', 'Mali'),
(59, 'Maltese', 'Malta'),
(60, 'Mexican', 'Mexico'),
(61, 'Mongolian', 'Mongolia'),
(62, 'Moroccan', 'Morocco'),
(63, 'Mozambican', 'Mozambique'),
(64, 'Namibian', 'Namibia'),
(65, 'Nepalese', 'Nepal'),
(66, 'Dutch', 'Netherlands'),
(67, 'New Zealand', 'New Zealand'),
(68, 'Nicaraguan', 'Nicaragua'),
(69, 'Nigerian', 'Nigeria'),
(70, 'Norwegian', 'Norway'),
(71, 'Pakistani', 'Pakistan'),
(72, 'Panamanian', 'Panama'),
(73, 'Paraguayan', 'Paraguay'),
(74, 'Peruvian', 'Peru'),
(75, 'Philippine', 'Philippines'),
(76, 'Polish', 'Poland'),
(77, 'Portuguese', 'Portugal'),
(78, 'Romanian', 'Romania'),
(79, 'Russian', 'Russia'),
(80, 'Saudi', 'Saudi Arabia'),
(81, 'Scottish', 'Scotland'),
(82, 'Senegalese', 'Senegal'),
(83, 'Serbian', 'Serbia'),
(84, 'Singaporean', 'Singapore'),
(85, 'Slovak', 'Slovakia'),
(86, 'South African', 'South Africa'),
(87, 'Korean', 'South Korea'),
(88, 'Spanish', 'Spain'),
(89, 'Sri Lankan', 'Sri Lanka'),
(90, 'Sudanese', 'Sudan'),
(91, 'Swedish', 'Sweden'),
(92, 'Swiss', 'Switzerland'),
(93, 'Syrian', 'Syria'),
(94, 'Taiwanese', 'Taiwan'),
(95, 'Thai', 'Thailand'),
(96, 'Tongan', 'Tonga'),
(97, 'Tunisian', 'Tunisia'),
(98, 'Turkish', 'Turkey'),
(99, 'Ukrainian', 'Ukraine'),
(100, 'Emirati', 'United Arab Emirates'),
(101, 'British', 'United Kingdom'),
(102, 'American', 'United States'),
(103, 'Uruguayan', 'Uruguay'),
(104, 'Venezuelan', 'Venezuela'),
(105, 'Vietnamese', 'Vietnam'),
(106, 'Welsh', 'Wales'),
(107, 'Zambian', 'Zambia'),
(108, 'Zimbabwean', 'Zimbabwe');

INSERT INTO `passport` (`id`, `country`) VALUES
(1, 'Afghanistan'),
(2, 'Albania'),
(3, 'Algeria'),
(4, 'Argentina'),
(5, 'Australia'),
(6, 'Austria'),
(7, 'Belgium'),
(8, 'Bolivia'),
(9, 'Botswana'),
(10, 'Brazil'),
(11, 'Bulgaria'),
(12, 'Cambodia'),
(13, 'Cameroon'),
(14, 'Canada'),
(15, 'Chile'),
(16, 'China'),
(17, 'Costa Rica'),
(18, 'Croatia'),
(19, 'Cuba'),
(20, 'Czech Republic'),
(21, 'Denmark'),
(22, 'Dominican Republic'),
(23, 'Ecuador'),
(24, 'Egypt'),
(25, 'El Salvador'),
(26, 'England'),
(27, 'Estonia'),
(28, 'Ethiopia'),
(29, 'Fiji'),
(30, 'Finland'),
(31, 'France'),
(32, 'Germany'),
(33, 'Ghana'),
(34, 'Greece'),
(35, 'Guatemala'),
(36, 'Haiti'),
(37, 'Honduras'),
(38, 'Hungary'),
(39, 'Iceland'),
(40, 'India'),
(41, 'Indonesia'),
(42, 'Iran'),
(43, 'Iraq'),
(44, 'Ireland'),
(45, 'Israel'),
(46, 'Italy'),
(47, 'Jamaica'),
(48, 'Japan'),
(49, 'Jordan'),
(50, 'Kenya'),
(51, 'Kuwait'),
(52, 'Laos'),
(53, 'Latvia'),
(54, 'Lebanon'),
(55, 'Libya'),
(56, 'Lithuania'),
(57, 'Malaysia'),
(58, 'Mali'),
(59, 'Malta'),
(60, 'Mexico'),
(61, 'Mongolia'),
(62, 'Morocco'),
(63, 'Mozambique'),
(64, 'Namibia'),
(65, 'Nepal'),
(66, 'Netherlands'),
(67, 'New Zealand'),
(68, 'Nicaragua'),
(69, 'Nigeria'),
(70, 'Norway'),
(71, 'Pakistan'),
(72, 'Panama'),
(73, 'Paraguay'),
(74, 'Peru'),
(75, 'Philippines'),
(76, 'Poland'),
(77, 'Portugal'),
(78, 'Romania'),
(79, 'Russia'),
(80, 'Saudi Arabia'),
(81, 'Scotland'),
(82, 'Senegal'),
(83, 'Serbia'),
(84, 'Singapore'),
(85, 'Slovakia'),
(86, 'South Africa'),
(87, 'South Korea'),
(88, 'Spain'),
(89, 'Sri Lanka'),
(90, 'Sudan'),
(91, 'Sweden'),
(92, 'Switzerland'),
(93, 'Syria'),
(94, 'Taiwan'),
(95, 'Thailand'),
(96, 'Tonga'),
(97, 'Tunisia'),
(98, 'Turkey'),
(99, 'Ukraine'),
(100, 'United Arab Emirates'),
(101, 'United Kingdom'),
(102, 'United States'),
(103, 'Uruguay'),
(104, 'Venezuela'),
(105, 'Vietnam'),
(106, 'Wales'),
(107, 'Zambia'),
(108, 'Zimbabwe');

INSERT INTO `traveller_type` (`id`, `traveller_type`, `description`, `img_url`) VALUES
(1, 'Groupie', 'You love following a band/artist around while they''re on tour.', '../../../static/traveller_types/groupie.png'),
(2, 'Thrillseeker', 'You''re an adrenaline junkie and love taking part in extreme sport that put you at physical risk.', '../../../static/traveller_types/thrillseeker.png'),
(3, 'Gap Year', 'You''ve just graduated and are ready to see the world before your get into the working sector.', '../../../static/traveller_types/gapYear.png'),
(4, 'Frequent Weekender', 'You''re a hard worker during the weekdays, but enjoy a quick weekend away to escape.', '../../../static/traveller_types/frequentWeekender.png'),
(5, 'Holidaymaker', 'You''re the stereotypical tourist.', '../../../static/traveller_types/holidayMaker.png'),
(6, 'Functional/Business', 'You travel for work, often spending short periods of time in one place.', '../../../static/traveller_types/business.png'),
(7, 'Backpacker', 'You don''t mind going rough and love seeing the outdoors.', '../../../static/traveller_types/backpacker.png');

INSERT INTO `profile` (`id`, `username`, `password`, `first_name`, `middle_name`, `last_name`, `gender`, `date_of_birth`, `date_of_creation`, `is_admin`, `profile_picture_id`) VALUES
(1, 'admin@travelea.com', '242C14029AEB10F94AA47B7BD3C6ABF84BDA1172AE53DCEA5762A33999F32550', 'Default', '', 'Admin', 'Other', '2000-01-01', '2019-05-17 16:21:04.529000', 1, NULL),
(2, 'guestUser@travelea.com', '6B93CCBA414AC1D0AE1E77F3FAC560C748A6701ED6946735A49D463351518E16', 'Dave', '', 'McInloch', 'Other', '1998-10-18', '2019-04-17 15:31:19.579000', 0, NULL);

INSERT INTO `profile_nationality` (`profile_id`, `nationality_id`) VALUES
(1, 67),
(2, 1),
(2, 7);

INSERT INTO `profile_passport` (`profile_id`, `passport_id`) VALUES
(1, 67),
(2, 4);

INSERT INTO `profile_traveller_type` (`profile_id`, `traveller_type_id`) VALUES
(1, 6),
(2, 1);

INSERT INTO `destination` (`id`, `name`, `type_id`, `district`, `latitude`, `longitude`, `country`, `is_public`, `owner_id`) VALUES
(119, 'Angus Flat', 31, 'Canterbury', -43.65598, 170.48378, 'New Zealand', 1, 1),
(325, 'Baylys Beach Post Office', 10, 'North Auckland', -35.953527, 173.74573, 'New Zealand', 1, 1),
(567, 'Bow Alley Creek', 89, 'Otago', -45.239576, 170.851946, 'New Zealand', 1, 1),
(733, 'Cameron Stream', 89, 'Canterbury', -42.23865, 173.046403, 'New Zealand', 1, 1),
(858, 'Cerberus', 38, 'Wellington', -40.512442, 176.213727, 'New Zealand', 1, 1),
(1031, 'Courtenay Peak', 38, 'Otago', -44.529264, 168.195041, 'New Zealand', 1, 1),
(1155, 'Demon Gap Icefall', 42, 'Otago', -44.392145, 168.361981, 'New Zealand', 1, 1),
(1465, 'Feldspar Stream', 89, 'Southland', -45.03797, 167.347403, 'New Zealand', 1, 1),
(1526, 'Flat Stream', 89, 'Marlborough', -41.940145, 173.111533, 'New Zealand', 1, 1),
(1797, 'Greenstone Stream', 89, 'Canterbury', -42.590148, 172.745206, 'New Zealand', 1, 1),
(1834, 'Haines Stream', 89, 'Nelson', -41.295971, 172.664481, 'New Zealand', 1, 1),
(1894, 'Hart Creek', 89, 'Wellington', -40.729439, 175.430851, 'New Zealand', 1, 1),
(1940, 'Headlong Peak', 38, 'Otago', -44.539752, 168.591617, 'New Zealand', 1, 1),
(2035, 'Hitchin Range', 66, 'Westland', -43.111555, 170.824539, 'New Zealand', 1, 1),
(2194, 'Iris Stream', 89, 'North Auckland', -36.970301, 174.530236, 'New Zealand', 1, 1),
(2275, 'Johnstone Mount', 38, 'Canterbury', -43.37552, 170.857361, 'New Zealand', 1, 1),
(2426, 'Kaurimu Stream', 89, 'North Auckland', -36.911035, 174.623382, 'New Zealand', 1, 1),
(2439, 'Kawaunui Stream', 89, 'South Auckland', -38.353659, 176.310498, 'New Zealand', 1, 1),
(2461, 'Kelleher', 38, 'Wellington', -40.784535, 175.376598, 'New Zealand', 1, 1),
(2593, 'Krushen Stream', 89, 'Marlborough', -41.825296, 173.260128, 'New Zealand', 1, 1),
(2631, 'Lake Rotoroa (Hamilton Lake)', 46, 'South Auckland', -37.798629, 175.27484, 'New Zealand', 1, 1),
(2657, 'Lake Donne', 46, 'Canterbury', -43.608439, 171.115709, 'New Zealand', 1, 1),
(2775, 'Lathrop Saddle', 54, 'Westland', -42.91523, 171.277535, 'New Zealand', 1, 1),
(2822, 'Lily Creek', 89, 'Westland', -44.032015, 169.474478, 'New Zealand', 1, 1),
(2921, 'Long Spur Stream', 89, 'Canterbury', -43.060244, 172.219981, 'New Zealand', 1, 1),
(2962, 'Lumber Flat', 31, 'Westland', -44.224114, 168.659968, 'New Zealand', 1, 1),
(3218, 'Maraeweka Stream', 89, 'Otago', -45.150038, 170.741188, 'New Zealand', 1, 1),
(3338, 'Maungawhiorangi', 93, 'Gisborne', -38.174833, 177.243242, 'New Zealand', 1, 1),
(3360, 'McCallum Stream', 89, 'Marlborough', -41.797334, 173.260076, 'New Zealand', 1, 1),
(3558, 'Morgan Stream', 89, 'Canterbury', -43.59628, 171.339142, 'New Zealand', 1, 1),
(3580, 'Mother Millers Spring', 87, 'Canterbury', -43.358825, 171.288873, 'New Zealand', 1, 1),
(3594, 'Motukauatirahi/Cass Bay', 6, 'Canterbury', -43.607459, 172.692363, 'New Zealand', 1, 1),
(3607, 'Motuoapa Peninsula', 55, 'South Auckland', -38.924214, 175.859163, 'New Zealand', 1, 1),
(3769, 'Mount Meehan', 38, 'Canterbury', -42.919966, 172.300892, 'New Zealand', 1, 1),
(3852, 'Mount William Grant', 38, 'Canterbury', -43.704591, 170.32112, 'New Zealand', 1, 1),
(3973, 'Nga Tamahineapani', 75, 'Nelson', -40.689108, 173.948723, 'New Zealand', 1, 1),
(4087, 'Nym Peak', 38, 'Canterbury', -43.34196, 170.843819, 'New Zealand', 1, 1),
(4109, 'Ogilvie Creek', 89, 'Westland', -42.559882, 171.326201, 'New Zealand', 1, 1),
(4186, 'Omahuri', 59, 'North Auckland', -34.822269, 173.414253, 'New Zealand', 1, 1),
(4216, 'Onetohunga Stream', 89, 'Gisborne', -38.114435, 178.219536, 'New Zealand', 1, 1),
(4239, 'Orau Gorge', 95, 'North Auckland', -36.182429, 175.084831, 'New Zealand', 1, 1),
(4357, 'Pacific Bay', 6, 'North Auckland', -35.618672, 174.536016, 'New Zealand', 1, 1),
(4515, 'Patuki Mountain', 38, 'Southland', -44.669468, 168.021972, 'New Zealand', 1, 1),
(4634, 'Pioke', 38, 'Taranaki', -39.167798, 173.967902, 'New Zealand', 1, 1),
(4659, 'Plumbago Stream', 89, 'Wellington', -41.390123, 174.895805, 'New Zealand', 1, 1),
(4741, 'Poututu Rural Sections', 2, 'Hawke''s Bay', -39.056581, 177.309005, 'New Zealand', 1, 1),
(4775, 'Puffer Saddle', 54, 'Wellington', -41.073802, 175.242171, 'New Zealand', 1, 1),
(4873, 'Putataua Bay', 6, 'North Auckland', -35.026401, 173.913905, 'New Zealand', 1, 1),
(4977, 'Rat Island', 43, 'Southland', -47.133218, 167.567966, 'New Zealand', 1, 1),
(5041, 'Refuge Island', 43, 'Southland', -46.949355, 168.127885, 'New Zealand', 1, 1),
(5084, 'Ribbonwood Stream', 89, 'Canterbury', -43.136267, 172.227991, 'New Zealand', 1, 1),
(5137, 'Rocky Knob', 38, 'Canterbury', -43.808197, 170.089933, 'New Zealand', 1, 1),
(5150, 'Rollover Glacier', 36, 'Canterbury', -43.375889, 170.726508, 'New Zealand', 1, 1),
(5201, 'Ruapake Stream', 89, 'Marlborough', -41.297087, 173.697105, 'New Zealand', 1, 1),
(5234, 'Ryde Stream', 89, 'Canterbury', -44.846356, 170.942726, 'New Zealand', 1, 1),
(5321, 'Seagull Lake', 46, 'Canterbury', -43.51051, 171.246743, 'New Zealand', 1, 1),
(5375, 'Sherwood Range', 66, 'Canterbury', -43.796768, 170.798736, 'New Zealand', 1, 1),
(5405, 'Sisters Stream', 89, 'Canterbury', -42.69284, 173.260088, 'New Zealand', 1, 1),
(5418, 'Slip Gully', 95, 'Canterbury', -43.685145, 170.49254, 'New Zealand', 1, 1),
(5439, 'Smylies Arm', 6, 'Nelson', -40.864706, 173.825993, 'New Zealand', 1, 1),
(5543, 'Stag Pool', 60, 'Wellington', -39.013089, 175.8162, 'New Zealand', 1, 1),
(5645, 'Sunshine', 90, 'Otago', -45.895673, 170.518723, 'New Zealand', 1, 1),
(5909, 'Te Apu', 38, 'South Auckland', -38.577813, 176.771558, 'New Zealand', 1, 1),
(5938, 'Te Henga (Bethells Beach)', 49, 'North Auckland', -36.882985, 174.452852, 'New Zealand', 1, 1),
(6002, 'Te Moenga Bay', 6, 'South Auckland', -38.702123, 176.036604, 'New Zealand', 1, 1),
(6011, 'Te Nunuhe Rock', 70, 'North Auckland', -35.18988, 174.20015, 'New Zealand', 1, 1),
(6024, 'Te Pari o Te Mataahua', 59, 'Otago', -45.79335, 170.742656, 'New Zealand', 1, 1),
(6087, 'Te Waha Point', 59, 'North Auckland', -36.93456, 174.453718, 'New Zealand', 1, 1),
(6154, 'The Cathedrals', 75, 'Canterbury', -42.868175, 173.299436, 'New Zealand', 1, 1),
(6304, 'Tiriwa Point', 59, 'North Auckland', -37.008989, 174.485523, 'New Zealand', 1, 1),
(6447, 'Tui Stream', 89, 'Canterbury', -42.580916, 172.342799, 'New Zealand', 1, 1),
(6611, 'Waiari Settlement', 2, 'South Auckland', -37.831616, 176.325227, 'New Zealand', 1, 1),
(6723, 'Waingaro Road', 73, 'South Auckland', -37.660886, 175.014631, 'New Zealand', 1, 1),
(6747, 'Waiopehu Stream', 89, 'Wellington', -40.741124, 175.364559, 'New Zealand', 1, 1),
(6783, 'Waipaua Stream', 89, 'South Auckland', -38.315448, 174.717256, 'New Zealand', 1, 1),
(6918, 'Webb Ridge', 72, 'Nelson', -41.476017, 172.218452, 'New Zealand', 1, 1),
(6969, 'Whakapapa', 93, 'Wellington', -40.820868, 175.54942, 'New Zealand', 1, 1),
(7159, 'Woodlands Stream', 89, 'North Auckland', -36.954632, 174.63239, 'New Zealand', 1, 1),
(7267, 'Otiria-Okaihau Industrial Railway', 64, 'North Auckland', -35.44978, 173.811428, 'New Zealand', 1, 1),
(7336, 'Mount Herbert/Te Ahu Patiki', 38, 'Canterbury', -43.689391, 172.741594, 'New Zealand', 1, 1),
(7347, 'Kotukutuku Bay', 6, 'South Auckland', -38.205466, 176.381278, 'New Zealand', 1, 1),
(7419, 'Punawhakareia Bay', 6, 'South Auckland', -38.053039, 176.442401, 'New Zealand', 1, 1),
(7435, 'Selwyn River/Waikirikiri', 89, 'Canterbury', -43.615271, 172.126066, 'New Zealand', 1, 1),
(7443, 'Stewart Island/Rakiura', 43, 'Southland', -47.000818, 167.999849, 'New Zealand', 1, 1),
(7628, 'Awakino Government Purpose Wildlife Management Reserve', 37, 'North Auckland', -35.878333, 173.855833, 'New Zealand', 1, 1),
(7899, 'Elaine Bay Recreation Reserve', 69, 'Nelson', -41.055, 173.769444, 'New Zealand', 1, 1),
(8096, 'Hokonui Scenic Reserve', 79, 'Southland', -46.152222, 168.556389, 'New Zealand', 1, 1),
(8115, 'Howdens Bush Scenic Reserve', 79, 'Marlborough', -41.09, 174.198889, 'New Zealand', 1, 1),
(8133, 'Hutchinson Scenic Reserve', 79, 'Hawke''s Bay', -39.271111, 176.546111, 'New Zealand', 1, 1),
(8279, 'Kerikeri Basin Recreation Reserve', 69, 'North Auckland', -35.215833, 173.959722, 'New Zealand', 1, 1),
(8451, 'Long Bay Scenic Reserve', 79, 'Canterbury', -43.859722, 172.871389, 'New Zealand', 1, 1),
(8519, 'Makuri Gorge Scenic Reserve', 79, 'Wellington', -40.546389, 175.978056, 'New Zealand', 1, 1),
(8776, 'Motutangi Scenic Reserve', 79, 'North Auckland', -34.885833, 173.157778, 'New Zealand', 1, 1),
(8923, 'Okaharau Road Scenic Reserve', 79, 'North Auckland', -35.713889, 173.820556, 'New Zealand', 1, 1),
(8966, 'Onaero River Scenic Reserve', 79, 'Taranaki', -38.998611, 174.365556, 'New Zealand', 1, 1),
(9241, 'Pukerau Red Tussock Scientific Reserve', 80, 'Southland', -46.09692, 169.077353, 'New Zealand', 1, 1),
(9293, 'Raincliff Historic Reserve', 39, 'Canterbury', -44.1625, 170.993056, 'New Zealand', 1, 1),
(9355, 'Ripapa Island Historic Reserve', 39, 'Canterbury', -43.620528, 172.754173, 'New Zealand', 1, 1),
(9376, 'Rotokahu Scenic Reserve', 79, 'Wellington', -39.154167, 175.188056, 'New Zealand', 1, 1),
(9486, 'Station Creek Scenic Reserve', 79, 'Nelson', -42.211389, 172.2625, 'New Zealand', 1, 1),
(9708, 'Tiwaewae Memorial Reserve Historic Reserve', 39, 'Hawke''s Bay', -39.2175, 176.896389, 'New Zealand', 1, 1),
(9741, 'Tuapeka Mouth Recreation Reserve', 69, 'Otago', -46.016667, 169.514722, 'New Zealand', 1, 1),
(9753, 'Tunatau Scenic Reserve', 79, 'Wellington', -39.787778, 175.952222, 'New Zealand', 1, 1),
(10051, 'Wyndham Scenic Reserve', 79, 'Southland', -46.371944, 168.830556, 'New Zealand', 1, 1),
(10145, 'Pirongia Forest Park', 22, 'South Auckland', -37.979167, 175.025833, 'New Zealand', 1, 1),
(13593, 'Bollons Island', 43, 'Southland', -49.646312, 178.817745, 'New Zealand', 1, 1),
(13599, 'East Windward Island', 43, 'Southland', -49.674201, 178.733516, 'New Zealand', 1, 1),
(13649, 'Spar Creek', 89, 'Southland', -50.489804, 166.303479, 'New Zealand', 1, 1),
(13672, 'North Rock', 75, 'Southland', -47.759379, 179.064177, 'New Zealand', 1, 1),
(13939, 'Ohira', 6, 'Wellington', -43.807105, -176.645404, 'New Zealand', 1, 1),
(14037, 'Lake Te Rangatapu', 46, 'Wellington', -44.105961, -176.589929, 'New Zealand', 1, 1),
(14062, 'Waikato Point', 59, 'Wellington', -43.838652, -176.502695, 'New Zealand', 1, 1),
(14646, 'Nicholson Canyon', 13, 'Wellington', -41.4667, 174.8, 'New Zealand', 1, 1),
(14980, 'Kaikoura District', 48, 'Marlborough', -42.168542, 173.550067, 'New Zealand', 1, 1),
(15040, '15 Mile Creek', 88, 'Nelson', -40.79825, 172.576768, 'New Zealand', 1, 1),
(15111, 'Adams Gully', 95, 'Westland', -43.052417, 170.847361, 'New Zealand', 1, 1),
(15181, 'Ahirau', 38, 'South Auckland', -36.926167, 175.682389, 'New Zealand', 1, 1),
(15251, 'Akina', 59, 'Marlborough', -41.000472, 174.224528, 'New Zealand', 1, 1),
(15324, 'Allen Creek', 89, 'Westland', -43.083306, 170.748972, 'New Zealand', 1, 1),
(15392, 'Ananui Creek', 89, 'Nelson', -41.947806, 171.5055, 'New Zealand', 1, 1),
(15523, 'Aorere River', 89, 'Nelson', -40.829389, 172.486667, 'New Zealand', 1, 1),
(15656, 'Arch Hill', 90, 'North Auckland', -36.866686, 174.744162, 'New Zealand', 1, 1),
(15794, 'Ashwick Flat', 49, 'Canterbury', -43.998815, 170.837315, 'New Zealand', 1, 1),
(15847, 'Aurum Creek', 89, 'Otago', -44.789833, 168.636583, 'New Zealand', 1, 1),
(15997, 'Awash Rock', 43, 'North Auckland', -36.735222, 174.945222, 'New Zealand', 1, 1),
(16066, 'Bains Gully', 95, 'Nelson', -40.830028, 172.599417, 'New Zealand', 1, 1),
(16136, 'Balmoral', 90, 'North Auckland', -36.889472, 174.748, 'New Zealand', 1, 1),
(16210, 'Barrier River South Branch', 89, 'Otago', -44.406806, 168.299361, 'New Zealand', 1, 1),
(16356, 'Begley Saddle', 54, 'Nelson', -42.026505, 172.761035, 'New Zealand', 1, 1),
(16408, 'Ben Mcleod Range', 66, 'Canterbury', -43.746611, 170.890139, 'New Zealand', 1, 1),
(16494, 'Big Bay Landing', 57, 'Otago', -44.27975, 168.104861, 'New Zealand', 1, 1),
(16641, 'Bishops Cap', 38, 'Nelson, Marlborough', -41.523944, 173.172417, 'New Zealand', 1, 1),
(16697, 'Black Miller Stream', 89, 'Marlborough', -42.215889, 173.839917, 'New Zealand', 1, 1),
(16796, 'Blackwood Stream', 89, 'Wellington', -40.607083, 175.470556, 'New Zealand', 1, 1),
(16850, 'Blue Bill Stream', 89, 'South Auckland', -37.952389, 175.049778, 'New Zealand', 1, 1),
(16938, 'Bluff Creek', 89, 'Nelson', -41.920306, 172.226, 'New Zealand', 1, 1),
(17072, 'Boulder Bed Stream', 89, 'North Auckland', -35.53475, 174.118667, 'New Zealand', 1, 1),
(17219, 'Brassey Creek', 89, 'Westland', -43.721556, 169.9145, 'New Zealand', 1, 1),
(17287, 'Brides Veil Stream', 89, 'Otago', -44.510663, 168.687199, 'New Zealand', 1, 1),
(17358, 'Brooklands', 90, 'Nelson', -41.25307, 173.308269, 'New Zealand', 1, 1),
(17430, 'Bruce Stream', 89, 'Wellington', -40.714639, 175.64575, 'New Zealand', 1, 1),
(17508, 'Bullion Stream', 89, 'South Auckland', -36.982444, 175.520861, 'New Zealand', 1, 1),
(17633, 'Bushy Creek', 89, 'Otago', -45.018442, 168.589947, 'New Zealand', 1, 1),
(17713, 'Cadigan Stream', 89, 'South Auckland', -37.150056, 175.685917, 'New Zealand', 1, 1),
(17846, 'Camp Oven Dome', 38, 'Otago', -44.409972, 168.448, 'New Zealand', 1, 1),
(17945, 'Cape Buttercup', 59, 'Canterbury', -42.705778, 172.223167, 'New Zealand', 1, 1),
(18013, 'Cargo Creek', 89, 'Westland', -44.328472, 168.699278, 'New Zealand', 1, 1),
(18080, 'Cascade Creek', 89, 'Southland', -44.908306, 168.10025, 'New Zealand', 1, 1),
(18162, 'Castlerock', 49, 'Southland', -45.715874, 168.393944, 'New Zealand', 1, 1),
(18423, 'Chinaman Creek', 89, 'Nelson', -42.205056, 171.864722, 'New Zealand', 1, 1),
(18575, 'Clevedon', 49, 'North Auckland', -36.990728, 175.0379, 'New Zealand', 1, 1),
(19058, 'Craig Rankin', 75, 'Otago', -46.39304, 169.558514, 'New Zealand', 1, 1),
(19212, 'Curio Bay', 6, 'Southland', -46.663278, 169.103361, 'New Zealand', 1, 1),
(19299, 'Danger Stream', 89, 'Westland', -43.740417, 169.940611, 'New Zealand', 1, 1),
(19367, 'Davis Valley Stream', 89, 'Nelson', -41.333332, 172.898408, 'New Zealand', 1, 1),
(19447, 'Deep Bight', 6, 'Marlborough', -41.300861, 174.140389, 'New Zealand', 1, 1),
(19582, 'Devonport Beach', 7, 'North Auckland', -36.832417, 174.798222, 'New Zealand', 1, 1),
(19658, 'Dip Creek', 89, 'Otago', -45.604562, 170.562736, 'New Zealand', 1, 1),
(19743, 'Dogface Flat', 31, 'Nelson', -41.497222, 172.522, 'New Zealand', 1, 1),
(19802, 'Dore Stream', 89, 'Marlborough', -41.814833, 173.6795, 'New Zealand', 1, 1),
(19873, 'Downie', 38, 'Nelson', -42.139194, 172.549778, 'New Zealand', 1, 1),
(19952, 'Drysdale Creek', 89, 'Nelson', -42.069333, 171.999194, 'New Zealand', 1, 1),
(20026, 'Duncan River', 89, 'Westland', -44.225944, 168.36975, 'New Zealand', 1, 1),
(20099, 'Earland Falls', 97, 'Otago', -44.803356, 168.158415, 'New Zealand', 1, 1),
(20327, 'Emas Dome', 38, 'Canterbury', -43.541528, 170.21825, 'New Zealand', 1, 1),
(20388, 'Eric Stream', 89, 'Canterbury', -43.408083, 170.649389, 'New Zealand', 1, 1),
(20460, 'Evening Gully', 95, 'Westland', -43.012222, 170.832111, 'New Zealand', 1, 1),
(20523, 'Falls Creek', 89, 'Southland', -46.284611, 167.746972, 'New Zealand', 1, 1),
(20671, 'Fiftyeight Valley', 95, 'Wellington', -41.202944, 175.055528, 'New Zealand', 1, 1),
(20737, 'Fitzpatrick Gully', 95, 'Otago', -44.929364, 168.616776, 'New Zealand', 1, 1),
(20870, 'Foals Stream', 89, 'Southland', -46.093167, 167.811917, 'New Zealand', 1, 1),
(20945, 'Fossil Creek', 89, 'Nelson', -42.076639, 171.445222, 'New Zealand', 1, 1),
(21020, 'Franks Bay', 6, 'Southland', -44.950083, 167.852333, 'New Zealand', 1, 1),
(21087, 'Freshfield Glacier', 36, 'Canterbury', -43.577333, 170.197361, 'New Zealand', 1, 1),
(21153, 'Gair Loch', 46, 'Southland', -45.624056, 167.107361, 'New Zealand', 1, 1),
(21219, 'Gawler Downs', 66, 'Canterbury', -43.738667, 171.346361, 'New Zealand', 1, 1),
(21295, 'Gibbs Creek', 89, 'Nelson', -41.798778, 172.649889, 'New Zealand', 1, 1),
(21371, 'Gladstone', 49, 'Otago', -44.59449, 169.315273, 'New Zealand', 1, 1),
(21440, 'Gleniti', 90, 'Canterbury', -44.387277, 171.191333, 'New Zealand', 1, 1),
(21573, 'Goodger Flat', 31, 'Otago', -44.706611, 169.494879, 'New Zealand', 1, 1),
(21643, 'Gorge Stream', 89, 'Wellington', -41.009556, 175.303389, 'New Zealand', 1, 1),
(21709, 'Grand View', 38, 'North Auckland', -36.264389, 175.477611, 'New Zealand', 1, 1),
(21788, 'Great Moss Swamp', 98, 'Otago', -45.549772, 169.851571, 'New Zealand', 1, 1),
(21936, 'Guano Island', 43, 'North Auckland', -35.841083, 174.5935, 'New Zealand', 1, 1),
(22087, 'Halpin Creek', 89, 'Canterbury', -42.978417, 171.561667, 'New Zealand', 1, 1),
(22154, 'Hannahs Bay', 90, 'South Auckland', -38.115872, 176.307889, 'New Zealand', 1, 1),
(22228, 'Harcourt Creek', 89, 'Westland', -43.090333, 171.065972, 'New Zealand', 1, 1),
(22364, 'Haunted Spur', 72, 'Otago', -44.104167, 169.134472, 'New Zealand', 1, 1),
(22437, 'Hawahawa Stream', 89, 'South Auckland', -38.945972, 175.441, 'New Zealand', 1, 1),
(22570, 'Hematite Stream', 89, 'Canterbury', -42.736, 173.184167, 'New Zealand', 1, 1),
(22638, 'Hermione Rock', 75, 'North Auckland', -35.262444, 174.0915, 'New Zealand', 1, 1),
(22693, 'High Rock', 43, 'Southland', -46.776861, 167.684306, 'New Zealand', 1, 1),
(22775, 'Hills Beach', 7, 'North Auckland', -37.047944, 174.896222, 'New Zealand', 1, 1),
(22979, 'Honeymoon Bay', 6, 'Nelson', -41.031417, 173.021701, 'New Zealand', 1, 1),
(23050, 'Horahora Kakahu Island', 43, 'Marlborough', -41.331486, 174.134128, 'New Zealand', 1, 1),
(23120, 'Horseshoe Bend', 89, 'Southland', -45.482778, 167.699389, 'New Zealand', 1, 1),
(23269, 'Huiroa', 49, 'Taranaki', -39.248412, 174.469371, 'New Zealand', 1, 1),
(23346, 'Hunter River', 89, 'Otago', -44.147239, 169.534275, 'New Zealand', 1, 1),
(23495, 'Ikanui Stream', 89, 'Hawke''s Bay', -40.104972, 176.829194, 'New Zealand', 1, 1),
(23625, 'Iso Glacier', 36, 'Westland', -44.368861, 168.697111, 'New Zealand', 1, 1),
(23699, 'Jackson Stream', 89, 'Nelson', -40.745643, 172.311192, 'New Zealand', 1, 1),
(23773, 'Jenkins Hill', 38, 'Nelson', -41.331417, 173.280778, 'New Zealand', 1, 1),
(23910, 'Jumped Up Downs', 31, 'Canterbury', -43.511944, 170.850861, 'New Zealand', 1, 1),
(23988, 'Kahueomanu Stream', 89, 'South Auckland', -38.920833, 175.439917, 'New Zealand', 1, 1),
(24049, 'Kaiawha Stream', 89, 'Gisborne', -38.143167, 178.307583, 'New Zealand', 1, 1),
(24197, 'Kaipipi Point', 59, 'Southland', -46.909139, 168.072056, 'New Zealand', 1, 1),
(24282, 'Kaiteriteri', 49, 'Nelson', -41.036848, 173.016674, 'New Zealand', 1, 1),
(24353, 'Kaiwhakauka Pa', 85, 'Wellington', -39.114167, 175.061278, 'New Zealand', 1, 1),
(24429, 'Kakapo Stream', 89, 'Taranaki', -39.015944, 174.389861, 'New Zealand', 1, 1),
(24494, 'Kanohinui', 38, 'South Auckland', -38.460917, 176.886083, 'New Zealand', 1, 1),
(24589, 'Karakanui Point', 59, 'North Auckland', -36.182639, 174.235667, 'New Zealand', 1, 1),
(24651, 'Karemuhako Stream', 89, 'North Auckland', -35.113944, 173.332556, 'New Zealand', 1, 1),
(24717, 'Kateniha Stream', 89, 'Hawke''s Bay', -39.083167, 177.121722, 'New Zealand', 1, 1),
(25048, 'Kilmog Hill', 38, 'Otago', -45.704144, 170.561623, 'New Zealand', 1, 1),
(25114, 'Kirikiri Stream', 89, 'South Auckland', -37.164806, 175.609639, 'New Zealand', 1, 1),
(25197, 'Kiwitahi', 49, 'South Auckland', -37.739509, 175.577802, 'New Zealand', 1, 1),
(25265, 'Kohi Point', 59, 'South Auckland', -37.938167, 177.014111, 'New Zealand', 1, 1),
(25349, 'Kokopu Stream', 89, 'Taranaki', -38.96825, 174.977361, 'New Zealand', 1, 1),
(25437, 'Kopuaparore Stream', 89, 'North Auckland', -34.850056, 173.436278, 'New Zealand', 1, 1),
(25704, 'Kuritunu Stream', 89, 'South Auckland', -38.201028, 174.970694, 'New Zealand', 1, 1),
(25775, 'Lake Ahaura', 46, 'Westland', -42.542528, 171.727528, 'New Zealand', 1, 1),
(25903, 'Lake Hochstetter', 46, 'Westland', -42.447528, 171.655389, 'New Zealand', 1, 1),
(25968, 'Lake Louise', 46, 'Southland', -45.535611, 167.135, 'New Zealand', 1, 1),
(26118, 'Lake Pupuke', 46, 'North Auckland', -36.781389, 174.762278, 'New Zealand', 1, 1),
(26435, 'Lees Knob', 38, 'Southland', -47.103639, 167.794194, 'New Zealand', 1, 1),
(26578, 'Lismore', 49, 'Canterbury', -43.89987, 171.482385, 'New Zealand', 1, 1),
(26643, 'Little Kowai River', 89, 'Canterbury', -43.292611, 171.863333, 'New Zealand', 1, 1),
(26718, 'Little Wanganui Head', 59, 'Nelson', -41.390917, 172.053194, 'New Zealand', 1, 1),
(27057, 'Mackay Downs', 31, 'Nelson', -40.856111, 172.230694, 'New Zealand', 1, 1),
(27121, 'Magdalen Hills', 66, 'Otago', -45.098649, 169.527685, 'New Zealand', 1, 1),
(27185, 'Mahoetahi Historic Site', 85, 'Taranaki', -39.019083, 174.19325, 'New Zealand', 1, 1),
(27335, 'Makara Stream', 89, 'Gisborne', -38.034139, 178.111028, 'New Zealand', 1, 1),
(27404, 'Makino Stream', 89, 'Taranaki', -39.469861, 174.431028, 'New Zealand', 1, 1),
(27558, 'Manawapou River', 89, 'Taranaki', -39.664333, 174.339389, 'New Zealand', 1, 1),
(27635, 'Mangahererangi Stream', 89, 'Taranaki', -39.095611, 174.027083, 'New Zealand', 1, 1),
(27718, 'Mangakahu Stream', 89, 'South Auckland', -38.729722, 175.367194, 'New Zealand', 1, 1),
(27809, 'Mangakotukutuku Stream', 89, 'Gisborne', -37.678889, 178.002194, 'New Zealand', 1, 1),
(27893, 'Mangamingi Saddle', 54, 'Wellington', -39.154944, 176.088111, 'New Zealand', 1, 1),
(28047, 'Mangaorapa', 49, 'Hawke''s Bay', -40.337492, 176.495229, 'New Zealand', 1, 1),
(28127, 'Mangapapa Stream', 89, 'Gisborne', -38.43275, 178.155167, 'New Zealand', 1, 1),
(28190, 'Mangapu River', 89, 'South Auckland', -38.283111, 175.130444, 'New Zealand', 1, 1),
(28291, 'Mangaroa Stream', 89, 'South Auckland', -37.978972, 175.873, 'New Zealand', 1, 1),
(28459, 'Mangatoetoe', 38, 'Wellington', -41.579333, 175.300028, 'New Zealand', 1, 1),
(28619, 'Mangere Falls', 97, 'North Auckland', -35.700556, 174.139139, 'New Zealand', 1, 1),
(28679, 'Manuka Creek', 89, 'Canterbury', -42.602139, 172.533333, 'New Zealand', 1, 1),
(28743, 'Maori Gully', 95, 'Otago', -44.93365, 168.956181, 'New Zealand', 1, 1),
(29026, 'Master Head', 59, 'Southland', -45.290222, 167.078889, 'New Zealand', 1, 1),
(29082, 'Mataka Point', 59, 'Nelson', -40.925389, 174.017722, 'New Zealand', 1, 1),
(29161, 'Matarangi', 49, 'South Auckland', -36.731478, 175.663479, 'New Zealand', 1, 1),
(29230, 'Matawhero Pa', 85, 'North Auckland', -35.268917, 174.293611, 'New Zealand', 1, 1),
(29303, 'Matuku Stream', 89, 'Gisborne', -38.883389, 176.936528, 'New Zealand', 1, 1),
(29371, 'Maungaparerua', 38, 'North Auckland', -35.215139, 173.88, 'New Zealand', 1, 1),
(29580, 'McKenzie Falls', 97, 'Southland', -44.617806, 167.746306, 'New Zealand', 1, 1),
(29712, 'Merry Brook', 89, 'Westland', -44.087639, 169.195889, 'New Zealand', 1, 1),
(29786, 'Middy Creek', 89, 'Nelson', -41.374259, 173.380946, 'New Zealand', 1, 1),
(29858, 'Millson Creek', 89, 'Westland', -42.984139, 170.81375, 'New Zealand', 1, 1),
(29928, 'Mirfin Creek', 89, 'Westland', -42.175417, 171.554056, 'New Zealand', 1, 1),
(29996, 'Moa Flat', 49, 'Otago', -45.724874, 169.306105, 'New Zealand', 1, 1),
(30069, 'Moffat Creek', 89, 'Southland', -46.519139, 168.610583, 'New Zealand', 1, 1),
(30136, 'Mokomoko Inlet', 6, 'Southland', -46.530917, 168.285556, 'New Zealand', 1, 1),
(30201, 'Monowai', 49, 'Southland', -45.779779, 167.613946, 'New Zealand', 1, 1),
(30624, 'Mound', 38, 'Canterbury', -43.071806, 172.7285, 'New Zealand', 1, 1),
(30700, 'Mount Avalanche', 38, 'Otago', -44.421917, 168.741144, 'New Zealand', 1, 1),
(30788, 'Mount Brown', 38, 'Nelson', -41.855778, 172.190806, 'New Zealand', 1, 1),
(30868, 'Mount Chisholm', 38, 'Southland', -45.678861, 167.020444, 'New Zealand', 1, 1),
(30944, 'Mount Dick', 38, 'Southland', -45.264417, 168.682917, 'New Zealand', 1, 1),
(31016, 'Mount Epping', 38, 'Nelson', -42.075694, 171.663722, 'New Zealand', 1, 1),
(31096, 'Mount Gladwish', 38, 'Otago', -44.311556, 169.573528, 'New Zealand', 1, 1),
(31252, 'Mount Joyce', 38, 'Nelson', -41.416072, 172.296098, 'New Zealand', 1, 1),
(31336, 'Mount Madeline', 38, 'Southland, Otago', -44.614194, 168.045722, 'New Zealand', 1, 1),
(31488, 'Mount Nobel', 38, 'Marlborough', -41.718833, 173.257694, 'New Zealand', 1, 1),
(31654, 'Mount Rosamond', 38, 'Canterbury, Westland', -42.940778, 171.390361, 'New Zealand', 1, 1),
(31736, 'Mount Stapp', 38, 'Canterbury', -42.67, 171.944861, 'New Zealand', 1, 1),
(31815, 'Mount Tregear', 38, 'Westland, Canterbury', -43.088833, 171.145083, 'New Zealand', 1, 1),
(31966, 'Muddy Creek', 89, 'Nelson', -40.606333, 172.634111, 'New Zealand', 1, 1),
(32035, 'Muriwai', 49, 'Gisborne', -38.752375, 177.926714, 'New Zealand', 1, 1),
(32092, 'Muturangi', 38, 'South Auckland', -38.096222, 174.960333, 'New Zealand', 1, 1),
(32149, 'Naylor Creek', 89, 'Nelson', -41.327253, 172.726209, 'New Zealand', 1, 1),
(32218, 'Neutral', 38, 'Marlborough', -41.949194, 173.980417, 'New Zealand', 1, 1),
(32290, 'Ngaheni Ridge', 72, 'Gisborne', -38.717528, 177.073583, 'New Zealand', 1, 1),
(32355, 'Ngakuta Bay', 6, 'Marlborough', -41.269944, 173.962944, 'New Zealand', 1, 1),
(32576, 'Ngautorotoro Stream', 89, 'North Auckland', -35.109944, 173.645333, 'New Zealand', 1, 1),
(32723, 'No. 2 Creek', 89, 'Southland', -46.129028, 166.6145, 'New Zealand', 1, 1),
(32801, 'North Channel', 16, 'North Auckland', -36.387194, 174.835444, 'New Zealand', 1, 1),
(33049, 'Ohau Stream', 89, 'South Auckland', -38.1435, 174.803167, 'New Zealand', 1, 1),
(33291, 'Okari Lagoon', 46, 'Nelson', -41.833083, 171.463833, 'New Zealand', 1, 1),
(33360, 'Okoeke Stream', 89, 'Wellington', -39.621056, 176.010556, 'New Zealand', 1, 1),
(33440, 'Okurekureia Beach', 7, 'North Auckland', -35.437778, 174.371722, 'New Zealand', 1, 1),
(33589, 'Omatane', 49, 'Wellington', -39.725076, 175.917304, 'New Zealand', 1, 1),
(33808, 'Opal Lake', 46, 'South Auckland', -38.312167, 176.385639, 'New Zealand', 1, 1),
(33885, 'Opito Point', 59, 'South Auckland', -37.252111, 175.894139, 'New Zealand', 1, 1),
(33966, 'Opukeko Stream', 89, 'South Auckland', -37.361472, 175.668583, 'New Zealand', 1, 1),
(34193, 'Oruamo or Hellyers Creek', 89, 'North Auckland', -36.784278, 174.687417, 'New Zealand', 1, 1),
(34256, 'Otahu Flat', 49, 'Southland', -45.962549, 167.703498, 'New Zealand', 1, 1),
(34342, 'Otamarangi Stream', 89, 'North Auckland', -35.30325, 173.783861, 'New Zealand', 1, 1),
(34416, 'Otara', 49, 'Gisborne', -38.047439, 177.32519, 'New Zealand', 1, 1),
(34495, 'Otawhao Stream', 89, 'South Auckland', -38.702389, 176.807056, 'New Zealand', 1, 1),
(34650, 'Otuhirawa Stream', 89, 'Taranaki', -39.371111, 174.998917, 'New Zealand', 1, 1),
(34801, 'Owen Creek', 89, 'Nelson', -40.902782, 172.56426, 'New Zealand', 1, 1),
(34950, 'Paewhakataratara Ridge', 72, 'South Auckland', -38.485028, 176.798083, 'New Zealand', 1, 1),
(35020, 'Paikakariki Stream', 89, 'South Auckland', -37.991667, 174.870278, 'New Zealand', 1, 1),
(35098, 'Pakinui Stream', 89, 'North Auckland', -36.837917, 174.562111, 'New Zealand', 1, 1),
(35172, 'Pancake Hill', 38, 'Canterbury', -43.055139, 172.198722, 'New Zealand', 1, 1),
(35240, 'Papakauri Stream', 89, 'North Auckland', -35.466944, 173.981778, 'New Zealand', 1, 1),
(35319, 'Paparoa Stream', 89, 'North Auckland', -35.533667, 173.808889, 'New Zealand', 1, 1),
(35370, 'Para Stream', 89, 'Wellington', -39.676417, 176.049222, 'New Zealand', 1, 1),
(35395, 'Parahi', 49, 'North Auckland', -36.045463, 174.104724, 'New Zealand', 1, 1),
(35537, 'Parihamore Pa', 85, 'Taranaki', -39.063417, 174.087556, 'New Zealand', 1, 1),
(35593, 'Park River', 89, 'Wellington', -40.783778, 175.388167, 'New Zealand', 1, 1),
(35676, 'Patanui Stream', 89, 'Wellington', -41.143611, 176.027028, 'New Zealand', 1, 1),
(35807, 'Pearl Drop Ice', 36, 'Westland', -44.253778, 168.848889, 'New Zealand', 1, 1),
(35876, 'Penetanui Stream', 89, 'Taranaki', -38.935389, 174.892889, 'New Zealand', 1, 1),
(35937, 'Peter Spur', 72, 'Westland', -43.211083, 170.759028, 'New Zealand', 1, 1),
(36014, 'Piemelon Bay', 6, 'North Auckland', -36.783611, 175.095889, 'New Zealand', 1, 1),
(36446, 'Poley Bay', 6, 'South Auckland', -36.484556, 175.413111, 'New Zealand', 1, 1),
(36514, 'Popo Stream', 89, 'North Auckland', -35.095417, 173.888667, 'New Zealand', 1, 1),
(36582, 'Port Gore', 6, 'Marlborough', -41.024222, 174.232278, 'New Zealand', 1, 1),
(36658, 'Pouakai Range', 66, 'Taranaki', -39.218361, 174.012194, 'New Zealand', 1, 1),
(36802, 'Pringles Gully', 95, 'Otago', -44.936972, 170.571833, 'New Zealand', 1, 1),
(36939, 'Pukawa Stream', 89, 'South Auckland', -38.273139, 176.985583, 'New Zealand', 1, 1),
(37020, 'Pukekarara', 38, 'Otago', -44.96775, 170.670972, 'New Zealand', 1, 1),
(37092, 'Pukemokemoke', 38, 'South Auckland', -37.585306, 175.3705, 'New Zealand', 1, 1),
(37327, 'Pukewharariki', 38, 'North Auckland', -36.127889, 173.918722, 'New Zealand', 1, 1),
(37450, 'Pura Pura', 49, 'North Auckland', -34.474111, 172.909278, 'New Zealand', 1, 1),
(37688, 'Radd Drain', 89, 'North Auckland', -35.543083, 174.221083, 'New Zealand', 1, 1),
(37853, 'Ramarama Stream', 89, 'North Auckland', -35.500528, 174.051361, 'New Zealand', 1, 1),
(37908, 'Rangiheke Pa', 85, 'North Auckland', -35.22225, 173.196778, 'New Zealand', 1, 1),
(37978, 'Rangitehi', 38, 'North Auckland', -35.773361, 174.408778, 'New Zealand', 1, 1),
(38040, 'Rapaotauweki Stream', 89, 'North Auckland', -35.104806, 173.556389, 'New Zealand', 1, 1),
(38180, 'Rawa Stream', 89, 'Taranaki', -39.4865, 174.015222, 'New Zealand', 1, 1),
(38237, 'Red Hill', 38, 'Canterbury', -42.370472, 172.767278, 'New Zealand', 1, 1),
(38390, 'Rereaheihei Falls', 97, 'Taranaki', -39.406833, 174.957972, 'New Zealand', 1, 1),
(38601, 'Robinson Creek', 89, 'Westland', -44.064806, 169.349333, 'New Zealand', 1, 1),
(38899, 'Rough or Tobin Stream', 89, 'Nelson', -42.2135, 171.97575, 'New Zealand', 1, 1),
(38977, 'Royal Billy Point', 59, 'South Auckland', -37.005816, 175.862672, 'New Zealand', 1, 1),
(39118, 'Ruff Creek', 89, 'Nelson', -41.929694, 171.864694, 'New Zealand', 1, 1),
(39273, 'Saint Johns', 90, 'North Auckland', -36.875993, 174.845464, 'New Zealand', 1, 1),
(39357, 'Sandstone Creek', 89, 'Nelson', -41.618472, 172.483472, 'New Zealand', 1, 1),
(39422, 'Sawpit Creek', 89, 'Nelson', -42.093139, 171.777139, 'New Zealand', 1, 1),
(39492, 'Scone Creek', 89, 'Westland', -43.40225, 170.558972, 'New Zealand', 1, 1),
(39710, 'Shag Harbour', 6, 'Nelson', -40.871631, 173.062965, 'New Zealand', 1, 1),
(39789, 'Shaws Island', 43, 'Otago', -46.298481, 169.785913, 'New Zealand', 1, 1),
(39937, 'Signal Ridge', 72, 'Westland', -43.995444, 169.461667, 'New Zealand', 1, 1),
(40226, 'Soho Creek', 89, 'Otago', -44.89675, 168.898611, 'New Zealand', 1, 1),
(40298, 'South Forbes Glacier', 36, 'Canterbury', -43.470556, 170.597389, 'New Zealand', 1, 1),
(40449, 'Springbrook', 49, 'Canterbury', -44.503289, 171.174963, 'New Zealand', 1, 1),
(40704, 'Stoney Hill', 38, 'Otago', -45.591444, 170.481194, 'New Zealand', 1, 1),
(40785, 'Stour River', 89, 'Canterbury', -43.620194, 171.278833, 'New Zealand', 1, 1),
(40856, 'Sugar Loaf', 38, 'Canterbury', -43.946639, 170.910861, 'New Zealand', 1, 1),
(41001, 'Swan Burn', 89, 'Nelson', -41.072068, 172.128674, 'New Zealand', 1, 1),
(41078, 'Table Stream', 89, 'Hawke''s Bay', -40.422722, 176.266722, 'New Zealand', 1, 1),
(41160, 'Tahunanui Beach', 7, 'Nelson', -41.278971, 173.244736, 'New Zealand', 1, 1),
(41215, 'Taimatea Creek', 89, 'Nelson', -40.6165, 172.669722, 'New Zealand', 1, 1),
(41286, 'Takanga Point', 59, 'Gisborne', -38.745417, 177.070778, 'New Zealand', 1, 1),
(41362, 'Takitaki Stream', 89, 'North Auckland', -36.814167, 174.583, 'New Zealand', 1, 1),
(41439, 'Tangakakariki', 38, 'Gisborne', -38.196944, 177.606556, 'New Zealand', 1, 1),
(41513, 'Taorua Stream', 89, 'Taranaki', -38.925167, 175.070361, 'New Zealand', 1, 1),
(41579, 'Tapui Stream', 89, 'Hawke''s Bay', -40.453222, 176.56225, 'New Zealand', 1, 1),
(41598, 'Tara o te Marama', 38, 'Wellington', -39.150444, 175.878889, 'New Zealand', 1, 1),
(41718, 'Taringamotu Valley', 49, 'South Auckland', -38.836514, 175.360745, 'New Zealand', 1, 1),
(41785, 'Tate Creek', 89, 'Nelson', -41.602861, 172.020667, 'New Zealand', 1, 1),
(41855, 'Taumatara Point', 59, 'North Auckland', -34.800417, 173.386444, 'New Zealand', 1, 1),
(41921, 'Taupo Swamp', 98, 'Wellington', -41.067222, 174.871639, 'New Zealand', 1, 1),
(42003, 'Tautuku River', 89, 'Otago', -46.563922, 169.347177, 'New Zealand', 1, 1),
(42079, 'Tawhanga', 38, 'Wellington', -41.255056, 175.710056, 'New Zealand', 1, 1),
(42146, 'Te Ahitahutahu', 38, 'Gisborne', -38.145222, 177.292778, 'New Zealand', 1, 1),
(42276, 'Te Awaiti Stream', 89, 'South Auckland', -38.725556, 175.55575, 'New Zealand', 1, 1),
(42546, 'Te Kawa', 49, 'South Auckland', -38.094663, 175.283627, 'New Zealand', 1, 1),
(42694, 'Te Mangaroa Stream', 89, 'Gisborne', -37.861861, 177.664056, 'New Zealand', 1, 1),
(42937, 'Te Puka Stream', 89, 'Gisborne', -38.116444, 178.327361, 'New Zealand', 1, 1),
(42990, 'Te Ranga', 38, 'South Auckland', -37.485722, 175.0955, 'New Zealand', 1, 1),
(43060, 'Te Rerengaohoro Stream', 89, 'South Auckland', -38.665778, 175.46425, 'New Zealand', 1, 1),
(43115, 'Te Ruatakuahi Point', 59, 'South Auckland', -38.723722, 176.027861, 'New Zealand', 1, 1),
(43184, 'Te Toitoi Point', 59, 'South Auckland', -38.170351, 176.443788, 'New Zealand', 1, 1),
(43311, 'Te Wera Stream', 89, 'Gisborne', -37.803167, 177.801667, 'New Zealand', 1, 1),
(43510, 'Thackers Redoubt', 85, 'Taranaki', -39.657389, 174.354694, 'New Zealand', 1, 1),
(43725, 'The Organs', 89, 'Hawke''s Bay', -39.107472, 176.702861, 'New Zealand', 1, 1),
(43796, 'The Rudder', 89, 'Westland', -44.337056, 168.690167, 'New Zealand', 1, 1),
(43862, 'The Woolsack', 38, 'Westland', -43.994611, 168.926722, 'New Zealand', 1, 1),
(43941, 'Three Lagoons', 46, 'Southland', -45.124454, 168.622418, 'New Zealand', 1, 1),
(44015, 'Tikapu Stream', 89, 'Taranaki', -38.985972, 174.950306, 'New Zealand', 1, 1),
(44091, 'Tindalls Beach', 7, 'North Auckland', -36.621083, 174.769306, 'New Zealand', 1, 1),
(44302, 'Tokanui', 49, 'South Auckland', -38.067556, 175.312833, 'New Zealand', 1, 1),
(44372, 'Tokorihi', 38, 'North Auckland', -34.496167, 172.945139, 'New Zealand', 1, 1),
(44438, 'Toomey Stream', 89, 'South Auckland', -37.363389, 175.724667, 'New Zealand', 1, 1),
(44514, 'Totara', 49, 'South Auckland', -37.167523, 175.557622, 'New Zealand', 1, 1),
(44591, 'Tower Peak', 38, 'Southland', -45.645833, 167.799806, 'New Zealand', 1, 1),
(44664, 'Trig Flat', 31, 'North Auckland', -34.79725, 173.07, 'New Zealand', 1, 1),
(44925, 'Turiohaua', 38, 'South Auckland', -38.688778, 176.824833, 'New Zealand', 1, 1),
(45134, 'Uenukutuhatu Rock', 75, 'South Auckland', -38.086056, 174.903667, 'New Zealand', 1, 1),
(45222, 'Upokororo Bay', 6, 'Gisborne', -38.743944, 177.029028, 'New Zealand', 1, 1),
(45361, 'Verter Burn', 89, 'Otago', -45.843014, 170.063195, 'New Zealand', 1, 1),
(45433, 'Waewaepitau Stream', 89, 'Taranaki', -38.539861, 175.254417, 'New Zealand', 1, 1),
(45584, 'Waihaha', 49, 'North Auckland', -35.344352, 174.211061, 'New Zealand', 1, 1),
(45655, 'Waihi Estuary', 28, 'South Auckland', -37.770389, 176.478306, 'New Zealand', 1, 1),
(45739, 'Waihopuhopu Stream', 89, 'North Auckland', -37.061028, 175.277278, 'New Zealand', 1, 1),
(45827, 'Waikakaramea Bay', 6, 'Marlborough', -41.200083, 174.246139, 'New Zealand', 1, 1),
(45961, 'Waikino Stream', 89, 'South Auckland', -38.792194, 175.514528, 'New Zealand', 1, 1),
(46047, 'Waikouaiti River', 89, 'Otago', -45.60351, 170.647484, 'New Zealand', 1, 1),
(46127, 'Waimakariri Stream', 89, 'North Auckland', -35.213528, 173.551417, 'New Zealand', 1, 1),
(46190, 'Waimate North', 49, 'North Auckland', -35.313136, 173.886877, 'New Zealand', 1, 1),
(46341, 'Waiohau', 49, 'South Auckland', -38.22494, 176.840268, 'New Zealand', 1, 1),
(46472, 'Waioturi Marae', 85, 'Taranaki', -39.76615, 174.490454, 'New Zealand', 1, 1),
(46558, 'Waipapa Stream', 89, 'Wellington', -39.604944, 175.099278, 'New Zealand', 1, 1),
(46697, 'Waipu Lagoons', 46, 'Taranaki', -39.029778, 174.131333, 'New Zealand', 1, 1),
(46793, 'Wairaomoana (Wairau Arm)', 6, 'Gisborne', -38.779167, 177.01075, 'New Zealand', 1, 1),
(46868, 'Wairere Stream', 89, 'Wellington', -39.431028, 176.044861, 'New Zealand', 1, 1),
(46951, 'Waitaanga', 49, 'Taranaki', -38.830777, 174.840861, 'New Zealand', 1, 1),
(47020, 'Waitangi', 38, 'North Auckland', -36.575333, 174.490944, 'New Zealand', 1, 1),
(47097, 'Waitaruke', 49, 'North Auckland', -35.071911, 173.713969, 'New Zealand', 1, 1),
(47253, 'Waitui Bay', 6, 'Marlborough', -40.99175, 174.19375, 'New Zealand', 1, 1),
(47322, 'Waiwhatawhata Stream', 89, 'South Auckland', -37.836667, 174.854528, 'New Zealand', 1, 1),
(47402, 'Wallace Head', 59, 'Otago', -46.633889, 169.312472, 'New Zealand', 1, 1),
(47464, 'Warekarianga Stream', 89, 'Taranaki', -38.830417, 174.5615, 'New Zealand', 1, 1),
(47527, 'Waterfall Creek', 89, 'Southland', -46.039028, 168.782694, 'New Zealand', 1, 1),
(47667, 'Wells Hill', 38, 'Nelson', -41.240389, 173.342194, 'New Zealand', 1, 1),
(47735, 'West Head', 59, 'Marlborough', -41.215472, 174.143833, 'New Zealand', 1, 1),
(47817, 'Whakaangiangi', 38, 'Gisborne', -37.761194, 178.262194, 'New Zealand', 1, 1),
(48035, 'Whanake', 38, 'South Auckland', -36.626333, 175.57125, 'New Zealand', 1, 1),
(48105, 'Whanganui Falls', 97, 'South Auckland', -38.783528, 175.71625, 'New Zealand', 1, 1),
(48179, 'Wharariki Point', 59, 'Gisborne', -37.630528, 178.417583, 'New Zealand', 1, 1),
(48258, 'Wharemata', 38, 'Wellington', -39.782861, 175.35125, 'New Zealand', 1, 1),
(48470, 'Whirligig Torrent', 89, 'Westland', -44.035722, 169.166444, 'New Zealand', 1, 1),
(48537, 'White Peak', 38, 'Southland', -45.882389, 167.2445, 'New Zealand', 1, 1),
(48621, 'Wiffen Point', 59, 'Nelson', -40.845866, 173.836528, 'New Zealand', 1, 1),
(48685, 'Wilson Glacier', 36, 'Westland', -43.957639, 169.645056, 'New Zealand', 1, 1),
(48760, 'Winton', 49, 'Southland', -46.143221, 168.32444, 'New Zealand', 1, 1),
(49839, 'Goat Island', 44, 'Otago', -45.73448, 170.617006, 'New Zealand', 1, 1),
(50054, 'Koromikau', 93, 'Wellington', -40.898813, 175.527484, 'New Zealand', 1, 1),
(50089, 'Lake Ngapouri', 46, 'South Auckland', -38.33876, 176.334954, 'New Zealand', 1, 1),
(50135, 'Lowe Mountain', 38, 'Canterbury, Westland', -43.595662, 170.09863, 'New Zealand', 1, 1),
(50149, 'Maitahi River', 89, 'Westland', -43.645637, 169.587004, 'New Zealand', 1, 1),
(50202, 'Mangaohe Stream', 89, 'South Auckland', -37.683219, 175.106297, 'New Zealand', 1, 1),
(50229, 'Mangatawa', 49, 'South Auckland', -37.695451, 176.247735, 'New Zealand', 1, 1),
(50237, 'Mangawai River', 89, 'North Auckland', -36.088899, 174.569964, 'New Zealand', 1, 1),
(50302, 'Meakokutea', 2, 'Gisborne', -37.968662, 178.073821, 'New Zealand', 1, 1),
(50393, 'Mount Phillips', 38, 'Southland', -45.719559, 166.624523, 'New Zealand', 1, 1),
(50450, 'Ngapuketaurete', 49, 'North Auckland', -34.907474, 173.241789, 'New Zealand', 1, 1),
(50549, 'Orohora Stream', 89, 'South Auckland', -38.503868, 175.501663, 'New Zealand', 1, 1),
(50577, 'Otututu or Rough River', 89, 'Nelson, Westland', -42.269589, 171.654665, 'New Zealand', 1, 1),
(50918, 'Te Kakari', 38, 'South Auckland', -38.567778, 177.077643, 'New Zealand', 1, 1),
(50983, 'The Gut', 16, 'Southland', -45.293975, 166.945032, 'New Zealand', 1, 1),
(51051, 'Tutaengarahi', 93, 'South Auckland', -38.5524, 175.937691, 'New Zealand', 1, 1),
(51059, 'Twain Col', 54, 'Canterbury, Westland', -43.726584, 170.025193, 'New Zealand', 1, 1),
(51066, 'Urukokomoku Stream', 89, 'Gisborne', -38.383759, 177.774434, 'New Zealand', 1, 1),
(51177, 'Waitieka Stream', 89, 'South Auckland', -37.994202, 174.901118, 'New Zealand', 1, 1),
(51247, 'Whakataoma Stream', 89, 'South Auckland', -37.371419, 175.024929, 'New Zealand', 1, 1),
(51271, 'Wharewhaka Point', 59, 'South Auckland', -38.732179, 176.060447, 'New Zealand', 1, 1),
(51276, 'Whawanui', 93, 'Wellington', -41.504825, 175.328559, 'New Zealand', 1, 1),
(51300, 'Zubriggen Col', 54, 'Westland', -43.489333, 170.175115, 'New Zealand', 1, 1),
(54357, 'Aroarokaehe Range', 66, 'Canterbury, Westland', -43.640706, 170.102157, 'New Zealand', 1, 1),
(54409, 'Te Korowai-o-Te-Tonga Peninsula', 55, 'North Auckland', -36.627919, 174.324474, 'New Zealand', 1, 1),
(54596, 'Pikimai / Church Hill', 38, 'Nelson', -41.276304, 173.284551, 'New Zealand', 1, 1),
(54833, 'Pukete', 90, 'South Auckland', -37.741489, 175.240249, 'New Zealand', 1, 1),
(55447, 'Marsland Hill Historic Reserve', 39, 'Taranaki', -39.064866, 174.073948, 'New Zealand', 1, 1),
(55726, 'Marima', 38, 'Wellington', -40.46658, 175.682966, 'New Zealand', 1, 1),
(56189, 'Poike', 90, 'South Auckland', -37.731375, 176.149218, 'New Zealand', 1, 1),
(56198, 'Quarry Point', 59, 'South Auckland', -36.841544, 175.709229, 'New Zealand', 1, 1),
(58030, 'Lake Whatuma', 46, 'Hawke''s Bay', -40.021488, 176.525799, 'New Zealand', 1, 1);
